,Unnamed: 0,neg_prob,pos_prob,neg_vader,neu_vader,pos_vader,sentence,dict,identifier,sentiment,only pos or neg
4,4,0.9995262188944994,0.00047378110550214337,0.0,0.7959999999999999,0.204,"I feel like this life that I'm doing well in isn't the real thing, because the medication covers the real thing.",nsubj,1,neu_vader,pos_vader
5,5,0.9999669964206068,3.300357940562821e-05,0.0,1.0,0.0,The meds interfere.,nsubj,1,neu_vader,pos_vader
11,11,0.9990779570638034,0.0009220429361878992,0.096,0.904,0.0,"The medicine keeps her from screaming all hours of the day, but the other symptoms are still present.",nsubj,1,neu_vader,neg_vader
18,18,0.9923222567594164,0.007677743240591443,0.13699999999999998,0.7979999999999999,0.064,"They are scary and I see things and hear things and feel smell and taste things all that other people can't or claim aren't real but I think slot of hem are real, like the man and the little girl and the man trying to poison me every night so he can take me away, I don't wanna be here that's all I ever worry about I was on honor roll all of 10th grade and I'm in a bunch if activities and I'm always busy but I can't handle all of this I constantly am seeing things and my meds made everything worse I don't want to be here.",nsubj,1,neu_vader,neg_vader
20,20,0.999958998124902,4.100187510900858e-05,0.223,0.777,0.0,The meds are working and I'm isolated from them.,nsubj,1,neu_vader,neg_vader
21,21,0.9999652670656234,3.4732934369053394e-05,0.0,1.0,0.0,The meds are working.,nsubj,1,neu_vader,pos_vader
22,22,0.9957955218586271,0.0042044781413854435,0.111,0.794,0.095,"When the meds that the government gives me to prevent my abilities aren't preventing the ones I have I can hear people from a whole other dimension, see their creatures, see them in dirt and ripped clothing having been fighting all their lives.",nsubj,1,neu_vader,neg_vader
23,23,0.9997447839448564,0.0002552160551511278,0.0,1.0,0.0,I need to do something but the medications are getting in the way.,nsubj,1,neu_vader,pos_vader
24,24,0.9995365987553356,0.00046340124466983474,0.0,0.6809999999999999,0.319,I want to write about ideal worlds but I find the medications getting in the way of me thinking about ideal worlds.,nsubj,1,neu_vader,pos_vader
44,44,0.9636865155752524,0.036313484424742346,0.149,0.759,0.091,"I've controlled these to an extent, but they are still there, and medications (a variety) don't seem to really work, outside of a benzo on a case-by-case basis (and if it's a bad evening, even these don't help)

Not only is the above true, but I don't actively have depressive symptoms during these events (though I certainly do the next day), I experience catatonic behavior (either going completely rigid or doing a same set of physical things over and over and over), and I've definitely struggled socially and professionally (I actively avoid social encounters when things are bad)

I don't want to diagnose myself, but I also know that while doctors and shrinks are trained professionals, mental issues are very tricky, and I ultimately know what's going on inside my head.",nsubj,1,neu_vader,neg_vader
49,49,0.9998955710669514,0.0001044289330519855,0.113,0.887,0.0,"He's poorly medicated as the medicine makes him groggy and he doesn't take it regularly, and doesn't really believe that he is ill.",nsubj,1,neu_vader,neg_vader
56,56,0.999974635060482,2.536493952285119e-05,0.079,0.733,0.188,"The meds are blocking them, trying to make me like everyone else, pretending they don't exist, we're hurting them because we're not protecting them as we're supposed to.",nsubj,1,neu_vader,pos_vader
76,76,0.9998035450382337,0.00019645496176852768,0.0,1.0,0.0,"With my mother, meds were the issue.",nsubj,1,neu_vader,pos_vader
93,93,0.9997028142216909,0.00029718577830258004,0.073,0.927,0.0,"I just wanted to see if any of you have any suggestions, warnings, advice or whatever as far as specific medications go, or about how things will change after medication.",nsubj_pobj,1,neu_vader,neg_vader
106,106,0.99998510111518,1.4898884814529418e-05,0.0,1.0,0.0,How is your medication working?,nsubj,1,neu_vader,pos_vader
111,111,0.9999908859648696,9.11403513881803e-06,0.18100000000000002,0.725,0.094,Edit: I want to add that my medicine does mess me up sometimes.,nsubj,1,neu_vader,neg_vader
118,118,0.9979314185046398,0.0020685814953670285,0.0,1.0,0.0,The medication had caused a lot of side effects.,nsubj,1,neu_vader,pos_vader
122,122,0.9998317853652072,0.00016821463479458774,0.163,0.7490000000000001,0.08800000000000001,But I think the fact that I can't hear them now just means they're still suffering but unable to communicate because the medication is blocking my ability to hear them.,nsubj,1,neu_vader,neg_vader
125,125,0.9999280413528778,7.195864710631339e-05,0.21100000000000002,0.789,0.0,But I've just read that the meds cause more brain damage than having schizophrenia.,nsubj,1,neu_vader,neg_vader
127,127,0.999845428126467,0.00015457187351982307,0.0,0.851,0.149,That the meds are the reason I'm so normal now and doing well.,nsubj,1,neu_vader,pos_vader
128,128,0.9999416686622092,5.833133777844187e-05,0.0,0.873,0.127,And it sounds like meds are the way but what if they're not?,nsubj,1,neu_vader,pos_vader
129,129,0.9997817599979248,0.0002182400020692199,0.168,0.721,0.111,Meaning that the voices are real and the meds are destructing my ability to listen to them.,nsubj,1,neu_vader,neg_vader
134,134,0.9999909194732196,9.080526778901747e-06,0.0,1.0,0.0,"If so, how do you cope, and what medicines or alternative methods have worked for you?",nsubj,1,neu_vader,pos_vader
145,145,0.9999511814998926,4.881850009215936e-05,0.174,0.826,0.0,"So that proves the meds don't work like they should, I guess.",nsubj,1,neu_vader,neg_vader
153,153,0.9865154771108442,0.013484522889148904,0.0,0.741,0.259,"They tell me the meds will make me feel better, that they can help me and that there is a whole team of people who are behind me wanting to help me and make me feel better.",nsubj,1,neu_vader,pos_vader
155,155,0.9957744772859586,0.004225522714023148,0.10300000000000001,0.847,0.05,"I don't expect any medication to be a panacea, but wondered if anyone had the same experience and how you handled it without causing the affected person to withdraw or become upset.",nsubj,1,neu_vader,neg_vader
158,158,0.9999662197569807,3.378024303841369e-05,0.0,1.0,0.0,And I don't know how these medications work.,nsubj,1,neu_vader,pos_vader
167,167,0.9998666118133256,0.00013338818668986836,0.179,0.821,0.0,If the meds are not going to work then why deal with all the horrible side effects,nsubj,1,neu_vader,neg_vader
180,180,0.999998269624945,1.730375065934449e-06,0.18600000000000003,0.752,0.062,"The mind control medicine let's them into my brain and they know all my thoughts and they communicate with me through my brain saying they are doing this to make me kill myself I don't want to let them win 

How did you stop them spreading this lies saying you have ""schizophrenia""",nsubj,1,neu_vader,neg_vader
191,191,0.9998299802592284,0.00017001974075452395,0.106,0.894,0.0,"During my recent visit, the doctor told me that this medication can be stopped in some years.",nsubjpass,1,neu_vader,neg_vader
192,192,0.9997612792163856,0.0002387207836317439,0.245,0.674,0.081,"My medication has really bad side effects, an anxious, sick feeling feeling every time I take it, including involuntary muscle movements (Latuda) and my eyes started rolling back in my head.",nsubj,1,neu_vader,neg_vader
194,194,0.9998214009158712,0.00017859908412435287,0.048,0.731,0.221,I've lost about 10 lbs so far but I'm sure my meds are holding me back since they helped me gain so much weight in the first place.,nsubj,1,neu_vader,pos_vader
202,202,0.9997860128453046,0.00021398715470915332,0.0,0.737,0.263,Like the meds are making me less human.,nsubj,1,neu_vader,pos_vader
211,211,0.9999517037020236,4.829629796797634e-05,0.28600000000000003,0.7140000000000001,0.0,Says the place is making him crazy and the medicine is making him crazy.,nsubj,1,neu_vader,neg_vader
212,212,0.99973223457962,0.00026776542038721483,0.069,0.519,0.41200000000000003,Would medication that was successful to a distant relative  (3rd cousin) with paranoid schizophrenia have a better chance at successfully treating him?,nsubj,1,neu_vader,pos_vader
233,233,0.9998605564290224,0.00013944357099367682,0.0,1.0,0.0,"And if I somehow do get him diagnosed and on meds, would the medication even work with alcohol in his body?",pobj_nsubj,1,neu_vader,pos_vader
237,237,0.9992465567148986,0.0007534432851099091,0.14,0.6759999999999999,0.184,"Unfortunately my fatherâ€™s family is very traditional and was convinced that there was nothing wrong with him, and that the side affects of the medication would be causing more harm than the medicine did good.",pobj_nsubj,1,neu_vader,pos_vader
250,250,0.9994588532493148,0.0005411467506797746,0.18600000000000003,0.8140000000000001,0.0,"https://www.youtube.com/watch?v=x9iwkMoZWnk

So John apparently has paranoid schizophrenia, and has said that he believes the medication he is receiving is poison, so he refuses to take them.",nsubj,1,neu_vader,neg_vader
259,259,0.9993496967821608,0.0006503032178306024,0.141,0.757,0.102,"With medication he's great but I know that medications lose effectiveness over time a lot, or he could think he doesn't need them.",pobj_nsubj,1,neu_vader,neg_vader
265,265,0.9998929398599088,0.00010706014009620556,0.0,0.875,0.125,"Hi guys, I've been living with stability for quite some time now, but my medication leaves me without any spontaneity or enthusiasm for life that is so me.",nsubj,1,neu_vader,pos_vader
276,276,0.9999824254743824,1.7574525615615473e-05,0.0,0.884,0.11599999999999999,If you feel like your medications aren't working tell your doctor and they can see where things go from there.,nsubj,1,neu_vader,pos_vader
283,283,0.9999212463158836,7.875368410874045e-05,0.0,0.804,0.196,"My delusions are much more constant, although medication is helping.",nsubj,1,neu_vader,pos_vader
286,286,0.9996657334705668,0.0003342665294425368,0.355,0.645,0.0,"My Mom is diagnosed with Depression with Psychotic features, and she has gotten worse and worse after each episode from when 1) her medication fails or 2) she stops taking it.",nsubj,1,neu_vader,neg_vader
289,289,0.999392815449986,0.0006071845500217282,0.237,0.763,0.0,I hate having a curfew because I have to talk my seroquel at night and my meds no later than 12 the next day.,nsubj,1,neu_vader,neg_vader
297,297,0.9999600107597171,3.9989240294631076e-05,0.0,1.0,0.0,That's something modern medicine doesn't quite understand.,nsubj,1,neu_vader,pos_vader
299,299,0.9998856193327144,0.00011438066726603344,0.0,1.0,0.0,But the medication makes me sleepy.,nsubj,1,neu_vader,pos_vader
315,315,0.9998033620588068,0.0001966379411748484,0.0,1.0,0.0,"That's the longest my meds have ever worked for me, and the first time that I barely think about how people can hear my thoughts (still believe it, but never think on it anymore).",nsubj,1,neu_vader,pos_vader
332,332,0.9999910219668032,8.978033209972708e-06,0.0,0.769,0.231,What are some promising medications currently being researched for schizophrenia?,nsubjpass,1,neu_vader,pos_vader
339,339,0.9998988884520166,0.00010111154797336326,0.155,0.845,0.0,"My current medications keep me from being suicidal and I'm productive occasionally, but that isn't enough.",nsubj,1,neu_vader,neg_vader
341,341,0.9999307317355302,6.926826448743461e-05,0.0,1.0,0.0,Esp if not meds or therapy are involved at the time.,nsubjpass,1,neu_vader,pos_vader
349,349,0.9995396486699224,0.00046035133009119836,0.31,0.69,0.0,I have a suicide complex and this medication amplified it to overwhelming urges.,nsubj,1,neu_vader,neg_vader
352,352,0.9998424932687066,0.00015750673130788222,0.0,1.0,0.0,"I will not mention medication anymore, everyone's experiences may differ, these medicines are borderline experimental.",dobj_nsubj,1,neu_vader,pos_vader
354,354,0.9999098790900836,9.012090992061809e-05,0.0,0.884,0.11599999999999999,I know meds work different for every person but I just want to ask.,nsubj,1,neu_vader,pos_vader
356,356,0.9998924285381762,0.00010757146181715444,0.0,1.0,0.0,He is 27 years old and seems to think the medication doesn't do anything.,nsubj,1,neu_vader,pos_vader
370,370,0.9964845868874276,0.003515413112583609,0.122,0.741,0.138,This is why anti seizure medication helps a lot of people who are diagnosed with mood disorders.,nsubj,1,neu_vader,pos_vader
377,377,0.9998711091686324,0.00012889083136413302,0.0,0.843,0.157,The medication prevents you from seeing the pattern.,nsubj,1,neu_vader,pos_vader
383,383,0.9999398008087323,6.0199191259872324e-05,0.0,0.763,0.237,"What have you tried, medication wise, that keeps the voices away?",nsubj,1,neu_vader,pos_vader
407,407,0.9999830797797872,1.692022019519925e-05,0.084,0.8640000000000001,0.052000000000000005,"If my psychologist and psychiatrist decide that it's all pseudohallucinations (because I later on find out stuff isn't real, so I know the difference or however they explained it) and I don't get meds to help me, should I seek out another psychiatrist or are the meds not worth all that trouble?",nsubj,1,neu_vader,neg_vader
408,408,0.9998636417481612,0.00013635825185430358,0.0,0.899,0.10099999999999999,My family is trying to interfere with his treatment because they don't understand what the medication is doing and I need help advocating for my cousin.,nsubj,1,neu_vader,pos_vader
412,412,0.9999304029763436,6.959702365990677e-05,0.068,0.8240000000000001,0.109,what are some good coping skills to try to make this go away.. is my medication not working as well as I think it is?,nsubj,1,neu_vader,pos_vader
417,417,0.9989113929027522,0.0010886070972652099,0.0,0.7709999999999999,0.22899999999999998,I am going out of town on a trip in a couple of days and I just hope that my meds work by then so my trip is more enjoyable and I can be outgoing again.,nsubj,1,neu_vader,pos_vader
421,421,0.989218503682512,0.01078149631749678,0.0,0.919,0.081,"Eventually my medication kicked in and I got into Buddhism, realized power and material reality are only worldly possessions of the human mind, and meditate and pray everyday.",nsubj,1,neu_vader,pos_vader
438,438,0.997791937573917,0.002208062426065209,0.23399999999999999,0.6509999999999999,0.115,"They're medicated, but the medicine doesn't seem to help with certain facets of the disease such as paranoia.",nsubj,1,neu_vader,neg_vader
470,470,0.999952057056596,4.7942943393693984e-05,0.0,1.0,0.0,"The meds I'm currently on, Latuda, works miracles.",nsubj,1,neu_vader,pos_vader
473,473,0.9978931121049008,0.002106887895090996,0.057999999999999996,0.594,0.348,"I know a lot of people think they're better when the meds are working and go off and get sick again, but I feel like I could be better for good.",nsubj,1,neu_vader,pos_vader
475,475,0.9994765451271932,0.0005234548728169231,0.0,0.735,0.265,"I think therapy might be a good first step, and I've been more easily able to help people seek therapy over psychiatrists (though I know medicine can be effective).",nsubj,1,neu_vader,pos_vader
476,476,0.9995726994494168,0.0004273005505650523,0.073,0.852,0.075,I desperately need financial help because I had to reduce my work hours as the medication was unbearable but I cannot keep up with the bills.,nsubj,1,neu_vader,pos_vader
482,482,0.9979121087377246,0.002087891262271917,0.198,0.5770000000000001,0.225,"I do know that the medication lowers his fertility, but does it increase the chance of any birth defects?",nsubj,1,neu_vader,pos_vader
487,487,0.9996808047193156,0.00031919528068360893,0.203,0.797,0.0,"The medication, the therapy, the hypnosis, and intimidation will never change this.",nsubj,1,neu_vader,neg_vader
490,490,0.9999822933646596,1.7706635323112735e-05,0.153,0.847,0.0,"I haven't been on medication for about 2 months now I think, dunno if it's that but if it is then, whatever, meds make this 10x worse.",pobj_nsubj,1,neu_vader,neg_vader
503,503,0.9993081636776032,0.0006918363223802652,0.162,0.838,0.0,"At first I was in denial about it, but when she doesn't take her meds the crazy starts.",nsubj,1,neu_vader,neg_vader
521,521,0.9999636551477424,3.6344852261842855e-05,0.149,0.851,0.0,I have tried many medications and few even begin to work and those that do are so awful when the side effects are considered.,nsubj,1,neu_vader,neg_vader
523,523,0.9996351398735692,0.0003648601264330583,0.109,0.83,0.061,"I really have dreams of having children one day, but how can i if my psych meds are going to make my baby be born with birth defects among other things.",nsubj,1,neu_vader,neg_vader
532,532,0.9997180184822948,0.00028198151771821416,0.08900000000000001,0.9109999999999999,0.0,"I'm not sure if what I am currently experiencing is normal in the ""recovery process"", or if the medications aren't entirely working.",nsubj,1,neu_vader,neg_vader
533,533,0.998640039742284,0.0013599602577300256,0.10099999999999999,0.765,0.133,"Granted, when I was at my worst I firmly believed in my thoughts and felt that the meds were being prescribed for the same reason as above: to prevent me from seeing the truth about my life.",nsubjpass,1,neu_vader,pos_vader
545,545,0.9999640276108528,3.597238916543495e-05,0.297,0.703,0.0,I recently quit taking my medication because I fear the medicine is meant to keep me confused.,dobj_nsubjpass,1,neu_vader,neg_vader
574,574,0.9886460249061678,0.011353975093844485,0.0,0.853,0.147,"I have been stable for a while, and currently I do not take anti-psychotics (Haldol last year) My current medication is a strong dosage (200mgs) of a generic anti-depressant, and that has been a consistent dosage for more than a year.",nsubj,1,neu_vader,pos_vader
576,576,0.9998923891056696,0.00010761089431716016,0.0,0.938,0.062,"He makes dinner and watches movies with me and just functions OK. His meds are on the counter and I assume he takes them every morning, but what if that isn't enough?",nsubj,1,neu_vader,pos_vader
577,577,0.9995840265464526,0.0004159734535368233,0.07,0.769,0.161,"There is nothing going well for me except for the handful of friends I've retained over the years, and the medication I am prescribed.",nsubjpass,1,neu_vader,pos_vader
584,584,0.9991642218959542,0.0008357781040400115,0.138,0.862,0.0,The medication makes me quite asexual and that's not a good thing when you are in a relationship.,nsubj,1,neu_vader,neg_vader
586,586,0.9998518478078348,0.00014815219214631397,0.195,0.805,0.0,Because it ruins my relationship and I don't think that the medication is necessary.,nsubj,1,neu_vader,neg_vader
590,590,0.9998486524116312,0.00015134758834840344,0.444,0.41700000000000004,0.139,I honestly thought the medication was going to kill me; it worsened my paranoia.,nsubj,1,neg_vader,neg_vader
601,601,0.9994897959911544,0.0005102040088582646,0.075,0.8190000000000001,0.106,I have heard that when a patient goes off of their meds for too long then that medication is no longer effective and a new drug must be found.,pobj_nsubj,1,neu_vader,pos_vader
609,609,0.9998343818809702,0.00016561811902248485,0.155,0.845,0.0,"Up until today, I was under the belief that no such medication currently existed.",nsubj,1,neu_vader,neg_vader
620,620,0.9992970950561528,0.0007029049438488003,0.15,0.728,0.121,It kind of feels like the medication is causing the delusions considering they're worse in the evening.,nsubj,1,neu_vader,neg_vader
658,658,0.9998608108161696,0.00013918918384299946,0.17,0.83,0.0,"I started taking new meds, my old meds never seemed to help much.",nsubj,1,neu_vader,neg_vader
661,661,0.9999741041784118,2.589582158439085e-05,0.0,0.7,0.3,Do the medications and psychiatrist involvement really help?,nsubj,1,neu_vader,pos_vader
664,664,0.999561148126724,0.0004388518732650242,0.0,1.0,0.0,This has gone one for around 3 months as the meds don't seem to work this time.,nsubj,1,neu_vader,pos_vader
674,674,0.9998310336691428,0.0001689663308521945,0.3,0.588,0.11199999999999999,Until now doctors are nice but the treatment/medication seems not making significant improvement.,nsubj,1,neu_vader,neg_vader
676,676,0.9974875902672268,0.002512409732779941,0.09300000000000001,0.807,0.1,"My current medicine, Zyprexa, has been working well and I'm a small dude so I don't mind the increase in appetite.",nsubj,1,neu_vader,pos_vader
679,679,0.999797124872722,0.00020287512725851784,0.514,0.486,0.0,"((Continuation)) I'm so tired and fatigued, the meds might make it worse.",nsubj,1,neg_vader,neg_vader
680,680,0.9998502170633776,0.0001497829366234469,0.0,0.878,0.122,"I already eat for comfort, the meds will make me eat more, I already eat too much for the money I get.",nsubj,1,neu_vader,pos_vader
694,694,0.999856715674838,0.00014328432517459169,0.09,0.5820000000000001,0.32799999999999996,"For a bonus question, do you think a mild anxiety medication might help reduce my breaks?",nsubj,1,neu_vader,pos_vader
707,707,0.999922066429844,7.793357016882441e-05,0.0,1.0,0.0,Do meds really get rid of delusions?,nsubj,1,neu_vader,pos_vader
715,715,0.99995162396883,4.83760311606375e-05,0.0,0.85,0.15,I am just curious as to what medicines are available and what their side-effects are?,nsubj,1,neu_vader,pos_vader
719,719,0.998283677840866,0.0017163221591212766,0.0,0.9,0.1,"While this is beneficial and I don't mind continuing to take this medication, the medication, which may be a placebo is not what I expected off this ""revolutionary new treatment""...",nsubj,1,neu_vader,pos_vader
720,720,0.9999606436662856,3.9356333710636944e-05,0.0,0.7759999999999999,0.22399999999999998,This medicine has done very little to improve my self image.,nsubj,1,neu_vader,pos_vader
723,723,0.9999745411727964,2.545882721699699e-05,0.0,1.0,0.0,Is this basically all that the medication is doing?,nsubj,1,neu_vader,pos_vader
736,736,0.989503871447914,0.010496128552074815,0.081,0.7979999999999999,0.121,"I need to help educate my brother as he's only done a little research and says things like "" I never feel like the medication is really working"" and ""I don't believe they really know what they are talking about, they don't understand what it even is"" he is very sceptical of the medical community and doesn't trust their advice.",nsubj,1,neu_vader,pos_vader
738,738,0.9997491707306336,0.00025082926934989405,0.306,0.6940000000000001,0.0,Also can medication stop a psychotic episode,nsubj,1,neu_vader,neg_vader
754,754,0.9974190291889018,0.0025809708111161128,0.252,0.748,0.0,The medication has also caused a bit of a snoring problem.,nsubj,1,neu_vader,neg_vader
765,765,0.9998640763224276,0.00013592367759186291,0.14800000000000002,0.852,0.0,I have severe dissociation on a semi-regular basis (medication is helping) and have had a few delusions while high.,nsubj,1,neu_vader,neg_vader
768,768,0.998760498540992,0.0012395014590031686,0.19399999999999998,0.8059999999999999,0.0,What the meds for Schizophrenia do is block a persons Dopamine Receptors so as not to allow too much or too little.,nsubj,1,neu_vader,neg_vader
772,772,0.998834745432588,0.0011652545674300664,0.159,0.841,0.0,I saw the GP yesterday and told her how shit I think the meds are.. She just told me to keep at it for 3-4 weeks &amp; that the side effects will disappear.,nsubj,1,neu_vader,neg_vader
776,776,0.9993733939072316,0.0006266060927711505,0.0,0.915,0.085,"i want to tell her but i am also afraid she""ll think i am using it as an excuse to rationalize my behavior.so i wanted to know first of how much does treatment/meds cost?",nsubj,1,neu_vader,pos_vader
785,785,0.9974357957510084,0.00256420424898232,0.075,0.847,0.078,"She becomes quite paranoid about where the medication came from, the people who are giving it to her (my parents), how the medication was presented to her (e.g.",nsubjpass,1,neu_vader,pos_vader
794,794,0.9996084063530488,0.0003915936469634524,0.17600000000000002,0.8240000000000001,0.0,It occurred to me that these medications are rather unselective in the receptors they antagonize.,nsubj,1,neu_vader,neg_vader
799,799,0.9994315042958362,0.0005684957041749397,0.0,1.0,0.0,"By slew, I've tried the following...

+ Mood stabilisers - sodium valporate, lamotrigine
+ SSRI - sertraline, lexapro
+ SNRI - pristiq
+ MAOI - aurorix
+ AAP - abilify, invega, solian, ziprasidone, seroquel, clozapine, saphris, olanzapine

The only medications out of the above that really worked for me were ziprasidone and olanzapine.",nsubj,1,neu_vader,pos_vader
802,802,0.9999823080384208,1.7691961576857046e-05,0.0,0.7559999999999999,0.244,I just don't think the meds have been useful at all.,nsubj,1,neu_vader,pos_vader
809,809,0.9998960550936548,0.00010394490635594912,0.073,0.731,0.196,Potential side effects don't stop docs from prescribing other types of medications (and pretty much every medication has potentially unwanted side effects).,pobj_nsubj,1,neu_vader,pos_vader
826,826,0.9999556223330734,4.437766693021688e-05,0.309,0.691,0.0,"They say that they will always be there, all the medicine will do is block me from hearing their warnings about danger.",nsubj,1,neu_vader,neg_vader
827,827,0.9999867503857354,1.3249614250619505e-05,0.467,0.5329999999999999,0.0,The medicine will poison me.,nsubj,1,neu_vader,neg_vader
837,837,0.9999403819680536,5.961803193566129e-05,0.0,0.735,0.265,"And I know its actually me trying to get help, but I know meds and therapists can't help me.",nsubj,1,neu_vader,pos_vader
841,841,0.9999923073004121,7.692699572584381e-06,0.0,1.0,0.0,How has medicine helped you?,nsubj,1,neu_vader,pos_vader
843,843,0.9925063844123498,0.007493615587633283,0.184,0.722,0.094,"Recently, I was diagnosed with a psychotic disorder and even though my medicine helps most of my symptoms, I still feel unmotivated for the most part.",nsubj,1,neu_vader,neg_vader
849,849,0.999974635060482,2.536493952285119e-05,0.079,0.733,0.188,"The meds are blocking them, trying to make me like everyone else, pretending they don't exist, we're hurting them because we're not protecting them as we're supposed to.",nsubj,1,neu_vader,pos_vader
851,851,0.9979264520613832,0.0020735479386270253,0.0,0.736,0.264,"He said meds are a future option, but he's going to have to make sure I need them, after a good amount of time.",nsubj,1,neu_vader,pos_vader
854,854,0.9981336565196476,0.0018663434803695856,0.0,1.0,0.0,"For first-episode patients, in case of full remission, it has been suggested that medication should be tapered or discontinued within six months to two years
(Dixon et al., 1995).",nsubjpass,1,neu_vader,pos_vader
867,867,0.9997745131150678,0.00022548688494908575,0.413,0.5870000000000001,0.0,"My medications are poisoned I absolutely can't take them, and If i try and kill myself before they kill me i'll end up in one of those damn cheesy hospitals (seriously, I hate those things).",nsubjpass,1,neu_vader,neg_vader
885,885,0.9997852437808811,0.0002147562191237869,0.25,0.625,0.125,"The only medication I'm on is for seizures, although I have some benzos on hand for when I have a panic attack.",nsubj,1,neu_vader,neg_vader
890,890,0.999894390781908,0.00010560921810337114,0.163,0.741,0.096,My meds hardly work anymore and I just want it all to stop.,nsubj,1,neu_vader,neg_vader
894,894,0.9998634238476328,0.000136576152366456,0.0,0.8809999999999999,0.11900000000000001,"Like the meds make the sounds.. transparent, but the people are still there, floating.",nsubj,1,neu_vader,pos_vader
896,896,0.9999676227190868,3.237728093238173e-05,0.355,0.645,0.0,Pain medications do not work at all.,nsubj,1,neu_vader,neg_vader
898,898,0.9997790378418828,0.0002209621581129399,0.34299999999999997,0.657,0.0,My medication makes me feel restricted even at such a low dose.,nsubj,1,neu_vader,neg_vader
908,908,0.9999774024087896,2.259759122242351e-05,0.391,0.609,0.0,But the medication made me feel so bad.,nsubj,1,neu_vader,neg_vader
914,914,0.9998437714842012,0.00015622851581182504,0.0,1.0,0.0,Did meds make a difference?,nsubj,1,neu_vader,pos_vader
924,924,0.9998480106049464,0.00015198939506986796,0.161,0.8390000000000001,0.0,I think the medication helped with the auditory hallucinations but he was beyond paranoid still.,nsubj,1,neu_vader,neg_vader
926,926,0.9998828808404332,0.00011711915956485145,0.083,0.917,0.0,It is to the point now where I beg him to take his medication and he yells at me saying the medication isn't going to help him.,nsubj,1,neu_vader,neg_vader
927,927,0.9943911306781592,0.0056088693218311145,0.127,0.794,0.079,"I try to explain to him that medication can take a very long time to get adjusted in the system, maybe even a year(not sure if true, but for my bipolar medications I've been told this before so I'm just trying to help)

He is really bad at communicating what he is experiencing one because its so unbelievable and second he claims sometimes if he explains exactly whats happening to him he will die.",nsubj_pobj,1,neu_vader,neg_vader
934,934,0.99673181542218,0.0032681845778116912,0.375,0.564,0.061,"A large part of my illness is delusions however; my medications are poisoned, snipers are trying to kill me, the government has a plot to kill me... stuff like that.",nsubjpass,1,neu_vader,neg_vader
942,942,0.9998518952215524,0.00014810477844408228,0.0,1.0,0.0,She says her meds have subsided the voices and rarely hears them now for the past 5 months.,nsubj,1,neu_vader,pos_vader
955,955,0.9991167710979162,0.0008832289020893391,0.184,0.816,0.0,"Recently, he informed my parents that medication won't help much in my case, and that I need training, work, and living independently, and that he will work on providing all these via mental illness help programs.",nsubj,1,neu_vader,neg_vader
962,962,0.9976214257388344,0.00237857426116889,0.0,0.748,0.252,"The meds help with the psychosis, but there's so many aspects of my life they don't help with.",nsubj,1,neu_vader,pos_vader
965,965,0.9999759198098062,2.4080190185319546e-05,0.0,1.0,0.0,The mainline medication is Abilify 10mg daily now.,nsubj,1,neu_vader,pos_vader
966,966,0.9999372850958737,6.271490414187837e-05,0.0,0.737,0.263,Mental disease medication is tailored like most others.,nsubjpass,1,neu_vader,pos_vader
971,971,0.9999715263148968,2.847368509722561e-05,0.0,0.685,0.315,And is medication the only solution?,nsubj,1,neu_vader,pos_vader
978,978,0.9999633976621416,3.660233787381061e-05,0.256,0.7440000000000001,0.0,"I don't take medication, which I should, but medication scares me too.",nsubj,1,neu_vader,neg_vader
982,982,0.9999014746883712,9.852531161091922e-05,0.0,0.757,0.243,"The medicine really helps, all of my hallucinations feels like they are really far away from me and it doesn't scare me when i don't do what they say.",nsubj,1,neu_vader,pos_vader
992,992,0.9998478485261644,0.0001521514738393935,0.145,0.855,0.0,The medication turned me into an emotionless zombie and I refused to take it anymore.,nsubj,1,neu_vader,neg_vader
1012,1012,0.9999637480784576,3.6251921539883915e-05,0.0,1.0,0.0,If medication is bombing you out too much speak to your doctor about changing medications or reducing the dosage.,nsubj_dobj,1,neu_vader,pos_vader
1014,1014,0.9998473695610424,0.00015263043897385703,0.0,1.0,0.0,"I'm wondering; because, I thought my most recent meds took all my symptoms away.",nsubj,1,neu_vader,pos_vader
1032,1032,0.9951349794091692,0.004865020590848107,0.0,0.787,0.213,"That the medication you started taking that coincided with the onset of lacking passion was supposed to help, even if just a little bit.",nsubjpass,1,neu_vader,pos_vader
1033,1033,0.9998960843437796,0.00010391565620244702,0.128,0.872,0.0,"If there was one thing that the medicine did do, it was to make me apathetic.",nsubj,1,neu_vader,neg_vader
1042,1042,0.999880206995175,0.00011979300483305112,0.284,0.6659999999999999,0.05,"The medication simply made me not care, but knowing that it would not get better would cause me to not want to deal with the terrible side effects the drugs have to be worth having that apathy.",nsubj,1,neu_vader,neg_vader
1054,1054,0.99999176044481,8.239555204010379e-06,0.111,0.735,0.154,"My meds got increased, and now they're gone, and I feel kinda empty.",nsubj,1,neu_vader,pos_vader
1057,1057,0.9999153336692002,8.466633079506523e-05,0.185,0.815,0.0,"This sucks, as you know, because these meds make you crave food.",nsubj,1,neu_vader,neg_vader
1066,1066,0.9999196691744272,8.033082557624945e-05,0.0,1.0,0.0,Will the medication ever give up one me.,nsubj,1,neu_vader,pos_vader
1080,1080,0.9997470782411062,0.00025292175890643485,0.0,1.0,0.0,as a family  At some point her medication changed and so did she.,nsubj,1,neu_vader,pos_vader
1081,1081,0.9999449418614828,5.5058138530269884e-05,0.0,1.0,0.0,"Again, her medication was altered.",nsubjpass,1,neu_vader,pos_vader
1083,1083,0.9992218873061436,0.0007781126938413317,0.565,0.435,0.0,"However, I suffer from bouts of severe suicidal depression even when being compliant when the meds.",nsubj,1,neg_vader,neg_vader
1088,1088,0.999728407214103,0.00027159278590738645,0.0,1.0,0.0,"As far as I know, once the medications were changed the voices and the misinterpreting decreased.",nsubjpass,1,neu_vader,pos_vader
1090,1090,0.999901993006042,9.800699396557376e-05,0.0,1.0,0.0,What medication has helped you the most?,nsubj,1,neu_vader,pos_vader
1113,1113,0.9997042963454884,0.0002957036545018508,0.0,1.0,0.0,It's not exactly a situation where I'd think that medication would be necessary.,nsubj,1,neu_vader,pos_vader
1114,1114,0.9956053939047176,0.004394606095299261,0.29100000000000004,0.7090000000000001,0.0,"But now I'm kinda fearing that I'll get medication forced upon me and I'm kinda scared of that, mostly due to the well-known side effects.",nsubj,1,neu_vader,neg_vader
1122,1122,0.9999826022184864,1.7397781506786673e-05,0.312,0.688,0.0,The medicine either aggravates the symptoms or does nothing whilst side effects run havoc on my body.,nsubj,1,neu_vader,neg_vader
1135,1135,0.9987238111576038,0.001276188842407074,0.275,0.725,0.0,"I can't hear them anymore, meds are functioning properly to rid me of the suffering, screaming, whispering voices.",nsubj,1,neu_vader,neg_vader
1136,1136,0.9997260995368824,0.00027390046311666724,0.127,0.83,0.043,"I go straight to thinking, ""of course the medication is working, it's not meds for schizophrenia, that's what they'd have me believe, but it's really to block my inter-dimentional listening abilities.""",nsubj_attr,1,neu_vader,neg_vader
1151,1151,0.999948806131134,5.1193868874610135e-05,0.406,0.594,0.0,I'm so fat and ugly and the meds made it worse and now my mom hates me.,nsubj,1,neu_vader,neg_vader
1166,1166,0.9999018327758408,9.81672241435344e-05,0.24600000000000002,0.693,0.061,"The reason why I'm asking is that most anti-psychotic medications have been proven to cause diabetes, increased risk of heart attack, etc., and I don't want to take additional risks.",nsubjpass,1,neu_vader,neg_vader
1170,1170,0.9877410499965632,0.012258950003427754,0.0,0.746,0.254,"There is a myth, or partial truth, that anti-psychotic medication turns people in to zombies, or, more realistically drain a person of motivation and energy.",nsubj,1,neu_vader,pos_vader
1176,1176,0.9999364013061088,6.3598693897562e-05,0.0,0.743,0.257,"If anyone can tell me what this medication is like and their experiences with it, that'd help.",nsubj,1,neu_vader,pos_vader
1202,1202,0.9999258490653254,7.415093468739671e-05,0.34600000000000003,0.654,0.0,"Also, meds deal with negative symptoms too, right?",nsubj,1,neu_vader,neg_vader
1212,1212,0.9998748871336836,0.00012511286630303894,0.0,0.8,0.2,My doctor talked to me about some new researches (in Canada I think) that show that certain alzheimer's medication can improve the concentration.,nsubj,1,neu_vader,pos_vader
1225,1225,0.9999859973805174,1.4002619476654834e-05,0.0,1.0,0.0,If my current medicines (800mg seraquel adn 30 mg haldol) don't work out she is going to try me on clozapine.,nsubj,1,neu_vader,pos_vader
1232,1232,0.9900988259136688,0.009901174086324849,0.138,0.75,0.11199999999999999,"I am on medication and I still hear voices..The meds zombie me out most of the time and its very hard to motivate...My mom owns A cleaning business, she always asks me if I want to help her for extra money...I never feel like it and sit home feeling like A loser...Today I forced myself to go  and after we where done I actually felt human for A minute...My life would be so much easier if I could work part time, I want to be dependable like I use to be...I have been sick for 2 years before that I work my entire adult life and never had A problem...I know I am not alone in feeling this way I guess I am just feeling sorry for myself....Thanks for listening :/",pobj_nsubj,1,neu_vader,neg_vader
1238,1238,0.9998215183670118,0.00017848163297301905,0.18,0.82,0.0,"(I guess it was suspected but they never told me why these particular meds were being tried) Psychiatric medications and I do not mix well at all; I have bona fide allergic reactions to many and the rest give me severe side effects, I've had stevens-Johnson syndrome already, and some leave me completely unable to walk or speak.",nsubjpass_dobj,1,neu_vader,neg_vader
1244,1244,0.99970114611425,0.0002988538857427226,0.057,0.846,0.09699999999999999,"My friend (16) had her medicine insured through her mom's work, they just recently (2,5 weeks ago) stopped covering all of her meds and since then she's been without it.",nsubj_pobj,1,neu_vader,pos_vader
1247,1247,0.9996338901398524,0.0003661098601427773,0.0,1.0,0.0,"I also get those while on medication, so don't know if the medication induces it.",nsubj,1,neu_vader,pos_vader
1251,1251,0.9999961436254162,3.8563746002862914e-06,0.09699999999999999,0.903,0.0,"The medicine my last psychiatrist gave me made me way worse, and she kept wanting to wait longer to see if they would work, and i just couldn't function on them.",nsubj,1,neu_vader,neg_vader
1261,1261,0.9997961989425492,0.000203801057458032,0.0,1.0,0.0,They explicitly told me she cannot have her medication removed until she is evaluated in the future.,nsubj,1,neu_vader,pos_vader
1264,1264,0.9997530495507282,0.00024695044926937963,0.0,1.0,0.0,"I understand that different medicines work for different people, but I don't even know where to start.",nsubj,1,neu_vader,pos_vader
1275,1275,0.9999652670656234,3.4732934369053394e-05,0.0,1.0,0.0,The meds are working.,nsubj,1,neu_vader,pos_vader
1283,1283,0.9998856193327144,0.00011438066726603344,0.0,1.0,0.0,But the medication makes me sleepy.,nsubj,1,neu_vader,pos_vader
1284,1284,0.9999809535024734,1.9046497516018258e-05,0.207,0.68,0.113,"Okay, so I know its incredibly stupid to come off meds without a doctors go ahead or supervision, but I accidentally came off my meds a few days ago (Seroquel) and I'm not doing so bad, the meds were working, which is good, but I wonder how long I can last before I relapse into the illness again... What if I never get ill again?",nsubj,1,neu_vader,neg_vader
1298,1298,0.9997842863391596,0.00021571366085391686,0.18,0.82,0.0,I think meds are just a false hope... no point in them now.,nsubj,1,neu_vader,neg_vader
1300,1300,0.9999788927781584,2.1107221833246813e-05,0.31,0.588,0.102,These meds were nice and all but I hated how they made me feel.,nsubj,1,neu_vader,neg_vader
1315,1315,0.9999584200862109,4.15799137938937e-05,0.054000000000000006,0.946,0.0,"Lately I've noticed that some of my ADHD symptoms have been coming back (I was predominantly inattentive), so I've been thinking about going back to my psychiatrist and asking if I can go back on medication for that also but the only problem is that the stimulant medication was the only meds that worked for me and as you know, stimulants can cause psychosis.",nsubj_attr,1,neu_vader,neg_vader
1319,1319,0.9992490076669304,0.0007509923330554213,0.106,0.807,0.087,Me and my parents feel very helpless that we can't do anything to help him out in this scenario and the medication isn't quite doing its job.,nsubj,1,neu_vader,neg_vader
1327,1327,0.9999603298972052,3.967010281469544e-05,0.0,1.0,0.0,My medication has been out and dry for over three weeks.,nsubj,1,neu_vader,pos_vader
1338,1338,0.9998254965452701,0.0001745034547286287,0.209,0.7909999999999999,0.0,The medication I'm taking for depression hasn't lessened the symptoms I'm about to list here.,nsubj,1,neu_vader,neg_vader
1339,1339,0.998802578822666,0.0011974211773406324,0.0,1.0,0.0,It actually helped with hallucinations for a few hours each day but when the medicine wore off they started to creep back again.,nsubj,1,neu_vader,pos_vader
1356,1356,0.999984808395144,1.5191604858832446e-05,0.0,0.894,0.106,I just want to know how medication has gone for you guys here?,nsubj,1,neu_vader,pos_vader
1376,1376,0.8932888204893418,0.10671117951064142,0.17,0.83,0.0,"He had NO symptoms during the day (now that his medications are straightened out) but smoking causes him to be more delusional (as in the tv and music is speaking specifically to him) and hear some of the voices again, so I'm not sure it's a great trade off.",nsubjpass,1,neu_vader,neg_vader
1381,1381,0.999936608735053,6.339126495857571e-05,0.2,0.8,0.0,"I called a hotline and they sent emergency response people who basically said I can't get any help or be evaluated without parent consent and they don't want me to since they think medicine will make me ""slow"".",nsubj,1,neu_vader,neg_vader
1386,1386,0.997193086935384,0.002806913064599711,0.0,0.8290000000000001,0.171,"she would be just fine and return to normal, engaging in conversations, cleaning the house and taking care of things, however, lately her medication hasn't been working and she just wanders around the house, looking for something to do.",nsubj,1,neu_vader,pos_vader
1392,1392,0.9999876438705304,1.235612948758496e-05,0.55,0.45,0.0,"I think the meds are making me agitated and restless and ugh, just, worse?",nsubj,1,neg_vader,neg_vader
1404,1404,0.99939079132952,0.0006092086704777919,0.159,0.841,0.0,"I am not sure how well the medications are working, I hear voices inside and outside, however, I hear the inside voices much less frequently.",nsubj,1,neu_vader,neg_vader
1434,1434,0.9993984011888014,0.0006015988111855653,0.0,0.8029999999999999,0.19699999999999998,"TL;DR: I don't think medication should be the ONLY tool my SO is using, but our therapist doesn't seem to be decent enough to prescribe cognitive treatments/exercises and acts more like a confessional that throws out positive affirmations occasionally.",nsubj,1,neu_vader,pos_vader
1436,1436,0.9988894275481282,0.0011105724518779476,0.053,0.765,0.18100000000000002,"I don't think medication is enough, but unless we can afford to pay like $100-200 a session, I can't seem to find a therapist for him that agrees with me.",nsubj,1,neu_vader,pos_vader
1443,1443,0.9997756568826,0.0002243431174089531,0.068,0.873,0.059000000000000004,"I was wondering that because the medications used for schizophrenia right now aren't exactly the best (albeit they are better than the very old style antipsychs), do you think they'll be new antipsychotics in the next 10-15 years, or are there already some in the making?",nsubj,1,neu_vader,neg_vader
1450,1450,0.9999139729802236,8.602701977572138e-05,0.0,0.79,0.21,I feel as though the meds are working to good and i want to hear my voices and have my delusions again!!,nsubj,1,neu_vader,pos_vader
1454,1454,0.9974064691249581,0.0025935308750458714,0.128,0.804,0.068,"The exact description in the warning packet for Risperidone states ""This medicine is an atypical antipsychotic used to treat schizophrenia or bipolar disorder"" it also says a doctor may give you it for other reasons though.",nsubj,1,neu_vader,neg_vader
1457,1457,0.9521455616478968,0.04785443835209873,0.0,0.89,0.11,"Both of us are really off-put by the idea of a number of reasons (newness, it seems like the new pharma-rep push, the concentration of medication in the bloodstream over the month, how he'll be able to sleep if the medication isn't being taken nightly, if it'll make him a zombie like the seroquel did, etc), and the information I've been reading from clinical trials hasn't really done anything to convince me otherwise.",nsubjpass,1,neu_vader,pos_vader
1476,1476,0.9997218037047716,0.0002781962952284534,0.048,0.823,0.13,"the one time we actually managed to get him to the hospital the doctors said that he was perfectly fine and that the meds should be working, he was sent home with no changes and the behaviour continued to this day.",nsubj,1,neu_vader,pos_vader
1481,1481,0.99835239626928,0.0016476037307241913,0.0,0.865,0.135,"Did you feel that once you were diagnosed as schizophrenic, finding the right meds got a little easier?",nsubj,1,neu_vader,pos_vader
1491,1491,0.9999119065462648,8.809345373196294e-05,0.157,0.843,0.0,"They moved him to another facility, and I've been told that no meds seem to be working on him at this point- that he's agitated and ""very heavily sexually preoccupied"".",nsubj,1,neu_vader,neg_vader
1493,1493,0.963222631808732,0.03677736819126677,0.068,0.932,0.0,"It was a slow start but we eventually found some medications that worked for me, the hallucinations and paranoia had subsided, but a couple of days ago I had an episode and it all came back to me.",nsubj,1,neu_vader,neg_vader
1495,1495,0.9999275123215624,7.248767842484946e-05,0.23199999999999998,0.768,0.0,These meds make me so tired and all I can hear in my head is what poison it is and how I need to never take them again.,nsubj,1,neu_vader,neg_vader
1501,1501,0.9991569972484364,0.0008430027515531462,0.0,1.0,0.0,"Also, meds don't get rid of the alien.",nsubj,1,neu_vader,pos_vader
1510,1510,0.9999082659681146,9.173403188353318e-05,0.2,0.8,0.0,He said his medication was laced with poison that would keep him up at night.,nsubjpass,1,neu_vader,neg_vader
1512,1512,0.9999712425878812,2.875741210315168e-05,0.0,1.0,0.0,My current meds are lithium (900mg) and seroquel (300mg).,nsubj,1,neu_vader,pos_vader
1518,1518,0.9999661928892242,3.3807110772574093e-05,0.0,0.909,0.091,The medication I'm on is Singulair which is used to prevent asthma/allergies.,nsubj,1,neu_vader,pos_vader
1527,1527,0.9999759198098062,2.4080190185319546e-05,0.0,1.0,0.0,The mainline medication is Abilify 10mg daily now.,nsubj,1,neu_vader,pos_vader
1539,1539,0.9998395468276404,0.0001604531723582914,0.145,0.677,0.17800000000000002,I'm worried meds will diminish my ability to play and improvise music on the guitar but i can look back and see how the illness effects my ability to function.,nsubj,1,neu_vader,pos_vader
1542,1542,0.9998950674611784,0.00010493253880596425,0.0,0.909,0.091,"Just wondering, because I noticed that my medication (neuroleptics) makes me want to smoke more.",nsubj,1,neu_vader,pos_vader
1546,1546,0.9998309079211763,0.00016909207883633977,0.0,1.0,0.0,Could monitoring these wavelets and their change before and after medication show whether the medication is working?,nsubj,1,neu_vader,pos_vader
1549,1549,0.9995363859900898,0.0004636140099243653,0.0,0.6709999999999999,0.32899999999999996,Is there a way to convince him about medication being good for him?,nsubj,1,neu_vader,pos_vader
1563,1563,0.9999393573658962,6.064263411566795e-05,0.18100000000000002,0.6940000000000001,0.125,"They're reaching out, because the medication is blocking how they normally communicate.",nsubj,1,neu_vader,neg_vader
1567,1567,0.9945627318262762,0.005437268173711303,0.129,0.7709999999999999,0.1,"If anyone could please post what a normal day is to you, what bad days are like, common medications used, small things that happen to you that are so minuscule that you hardly notice them anymore that are a part of the illness.",nsubj,1,neu_vader,neg_vader
1578,1578,0.9999110334276008,8.896657240793472e-05,0.18,0.667,0.153,"However, this medication makes me super tired all day, which is very hard to combine with my full time study.",nsubj,1,neu_vader,neg_vader
1587,1587,0.9998721954023924,0.00012780459761670978,0.0,0.752,0.248,We live in the same country and healthcare/medication is free here.,nsubj,1,neu_vader,pos_vader
1590,1590,0.9997993255009332,0.00020067449905028785,0.261,0.7390000000000001,0.0,I told my mom that the medicine was making me worse and I refused to take it any longer.,nsubj,1,neu_vader,neg_vader
1598,1598,0.9999832613575048,1.6738642498861244e-05,0.0,1.0,0.0,My medication now is Abilify 5mg and Effexor XR 37.5mg every morning (minimal dose available).,nsubj,1,neu_vader,pos_vader
1613,1613,0.9999702160712306,2.9783928751637865e-05,0.0,0.755,0.245,I want my meds back NOW.,nsubj,1,neu_vader,pos_vader
1617,1617,0.9999795782145412,2.042178544416984e-05,0.09300000000000001,0.619,0.28800000000000003,"I just want to be medicated and healthy like I was earlier this week, before my meds were cut off.",nsubjpass,1,neu_vader,pos_vader
1630,1630,0.999921752484429,7.824751559072667e-05,0.0,0.805,0.195,I run away from responsibilities and hope that my meds will make me change.,nsubj,1,neu_vader,pos_vader
1643,1643,0.99491647786237,0.005083522137623847,0.0,0.937,0.063,"The medication I was on in the past caused more emotional ups and downs to say that they helped much, especially considering they really didn't get rid of the hallucinations.",nsubj,1,neu_vader,pos_vader
1644,1644,0.999716591337778,0.0002834086622207844,0.0,0.818,0.182,"I don't know if the meds can cause this, but it happens every night without fail after taking 'em.",nsubj,1,neu_vader,pos_vader
1646,1646,0.9999771807165574,2.281928342997146e-05,0.155,0.845,0.0,I asked my doctor if the medication can cause hallucinations and he said no.,nsubj,1,neu_vader,neg_vader
1647,1647,0.9999469078255491,5.3092174447618344e-05,0.0,0.794,0.20600000000000002,"I used to hear voices 24/7 nearly nonstop, but I guess the medication is being effective at this point.",nsubj,1,neu_vader,pos_vader
1659,1659,0.9999499221895874,5.007781039824874e-05,0.151,0.799,0.05,"I really hate how the meds make me feel and would like to be off them ASAP, but I'm told I'll need at least 6 months with no symptoms before titration is considered.",nsubj,1,neu_vader,neg_vader
1661,1661,0.9998870149338626,0.00011298506612671133,0.109,0.769,0.121,"Hey all, I think my medication (Risperidone) is causing me to lose interest in leisure activities (video games, browsing the Internet, etc.).",nsubj,1,neu_vader,pos_vader
1672,1672,0.9999894874745808,1.051252541868849e-05,0.239,0.7609999999999999,0.0,Has anyone here had their medication stop working?,nsubj,1,neu_vader,neg_vader
1675,1675,0.9970185684867948,0.0029814315132236967,0.079,0.7070000000000001,0.214,"My kid is working so fucking hard to just put his life in some sort of order, he has zero acceptance of his illness but does agree that meds and therapy make him feel better.",nsubj,1,neu_vader,pos_vader
1681,1681,0.99999597892253,4.021077481978704e-06,0.215,0.785,0.0,"Ask your doctor why your meds ""work"" or don't work, they have no clue... Why is psychiatry so behind when psychiatric illnesses can literally disable you as badly as not being able to walk?",nsubj,1,neu_vader,neg_vader
1690,1690,0.9996984012821898,0.0003015987178146945,0.125,0.634,0.24100000000000002,"I understand that these meds have to have some sort of negative side-effects, many of which are probably terrible, but surely the positive effects must outweigh the negative(?)",nsubj,1,neu_vader,pos_vader
1698,1698,0.9999614178731692,3.858212682703787e-05,0.0,1.0,0.0,"Without insurance, this medication is almost $950/month.",nsubj,1,neu_vader,pos_vader
1702,1702,0.9997201435607556,0.0002798564392339824,0.0,1.0,0.0,"Three weeks ago, he finally decided to check himself back into that psychiatric center he went to last year to get his medications changed and to get counseling.",nsubj,1,neu_vader,pos_vader
1705,1705,0.9936191782900066,0.006380821709994004,0.0,0.665,0.335,He's so smart and capable and I keep reassuring him that he can lead a normal life once his medications are right.,nsubj,1,neu_vader,pos_vader
